experiment,noise_scale,signal_ratio,sr_size,n,composite,composite_lo,composite_hi,fixed,fixed_lo,fixed_hi,refit,refit_lo,refit_hi,draft,draft_lo,draft_hi
HH4b,0.5,0.0,0.05,100,0.01,0.0017673865655472645,0.0544875247609346,0.01,0.0017673865655472645,0.0544875247609346,0.05,0.02154336145631356,0.11175196527208817,0.07,0.034318824364064096,0.13749671006529757
HH4b,0.5,0.0,0.1,100,0.0,0.0,0.03699480747600191,0.0,0.0,0.03699480747600191,0.05,0.02154336145631356,0.11175196527208817,0.05,0.02154336145631356,0.11175196527208817
HH4b,0.5,0.0,0.15,100,0.0,0.0,0.03699480747600191,0.0,0.0,0.03699480747600191,0.05,0.02154336145631356,0.11175196527208817,0.05,0.02154336145631356,0.11175196527208817
HH4b,0.5,0.0,0.2,100,0.01,0.0017673865655472645,0.0544875247609346,0.01,0.0017673865655472645,0.0544875247609346,0.07,0.034318824364064096,0.13749671006529757,0.05,0.02154336145631356,0.11175196527208817
HH4b,0.5,0.005,0.05,100,0.01,0.0017673865655472645,0.0544875247609346,0.01,0.0017673865655472645,0.0544875247609346,0.08,0.04109296948581091,0.14998266879403072,0.03,0.010254338223414816,0.08452078080402699
HH4b,0.5,0.005,0.1,100,0.0,0.0,0.03699480747600191,0.0,0.0,0.03699480747600191,0.04,0.015663050551848016,0.09837217232607373,0.03,0.010254338223414816,0.08452078080402699
HH4b,0.5,0.005,0.15,100,0.0,0.0,0.03699480747600191,0.0,0.0,0.03699480747600191,0.11,0.06254131955225126,0.18631463027903022,0.03,0.010254338223414816,0.08452078080402699
HH4b,0.5,0.005,0.2,100,0.01,0.0017673865655472645,0.0544875247609346,0.01,0.0017673865655472645,0.0544875247609346,0.12,0.06999337365267776,0.19812268002908368,0.05,0.02154336145631356,0.11175196527208817
HH4b,0.5,0.0075,0.05,100,0.02,0.005501852234968185,0.07001316294199365,0.02,0.005501852234968185,0.07001316294199365,0.09,0.04807199516388488,0.16226374696643667,0.05,0.02154336145631356,0.11175196527208817
HH4b,0.5,0.0075,0.1,100,0.01,0.0017673865655472645,0.0544875247609346,0.01,0.0017673865655472645,0.0544875247609346,0.15,0.09305903191162297,0.23283733332157835,0.01,0.0017673865655472645,0.0544875247609346
HH4b,0.5,0.0075,0.15,100,0.04,0.015663050551848016,0.09837217232607373,0.04,0.015663050551848016,0.09837217232607373,0.17,0.10893476059773155,0.25548181233642975,0.04,0.015663050551848016,0.09837217232607373
HH4b,0.5,0.0075,0.2,100,0.04,0.015663050551848016,0.09837217232607373,0.04,0.015663050551848016,0.09837217232607373,0.17,0.10893476059773155,0.25548181233642975,0.06,0.02778574526665662,0.12476968531222507
HH4b,0.5,0.01,0.05,100,0.44,0.34671865400968327,0.537720722887437,0.44,0.34671865400968327,0.537720722887437,0.69,0.5937376052204429,0.7722043679386762,0.43,0.3373313900052838,0.5278478830413564
HH4b,0.5,0.01,0.1,100,0.47,0.3751065198210374,0.5671131686275227,0.47,0.3751065198210374,0.5671131686275227,0.71,0.6146092505999207,0.7898529302601586,0.48,0.38464384320080547,0.5768359490982345
HH4b,0.5,0.01,0.15,100,0.47,0.3751065198210374,0.5671131686275227,0.47,0.3751065198210374,0.5671131686275227,0.74,0.6462882736813838,0.8159542187301354,0.46,0.36560643853331865,0.5573531460647615
HH4b,0.5,0.01,0.2,100,0.52,0.4231640509017654,0.6153561567991945,0.52,0.4231640509017654,0.6153561567991945,0.75,0.6569535362992417,0.8245490599627573,0.52,0.4231640509017654,0.6153561567991945
HH4b,0.5,0.02,0.05,100,0.77,0.6784543514317231,0.841568452531236,0.77,0.6784543514317231,0.841568452531236,0.86,0.7786263961619276,0.914737342455351,0.77,0.6784543514317231,0.841568452531236
HH4b,0.5,0.02,0.1,100,0.85,0.7671626666784216,0.906940968088377,0.85,0.7671626666784216,0.906940968088377,0.93,0.8625032899347025,0.965681175635936,0.85,0.7671626666784216,0.906940968088377
HH4b,0.5,0.02,0.15,100,0.9,0.8256326956323347,0.9447714583868639,0.9,0.8256326956323347,0.9447714583868639,0.97,0.915479219195973,0.9897456617765851,0.9,0.8256326956323347,0.9447714583868639
HH4b,0.5,0.02,0.2,100,0.93,0.8625032899347025,0.965681175635936,0.93,0.8625032899347025,0.965681175635936,0.97,0.915479219195973,0.9897456617765851,0.94,0.8752303146877748,0.9722142547333433
HH4b,1.0,0.0,0.05,100,0.01,0.0017673865655472645,0.0544875247609346,0.01,0.0017673865655472645,0.0544875247609346,0.07,0.034318824364064096,0.13749671006529757,0.05,0.02154336145631356,0.11175196527208817
HH4b,1.0,0.0,0.1,100,0.0,0.0,0.03699480747600191,0.0,0.0,0.03699480747600191,0.08,0.04109296948581091,0.14998266879403072,0.02,0.005501852234968185,0.07001316294199365
HH4b,1.0,0.0,0.15,100,0.0,0.0,0.03699480747600191,0.0,0.0,0.03699480747600191,0.05,0.02154336145631356,0.11175196527208817,0.02,0.005501852234968185,0.07001316294199365
HH4b,1.0,0.0,0.2,100,0.02,0.005501852234968185,0.07001316294199365,0.02,0.005501852234968185,0.07001316294199365,0.09,0.04807199516388488,0.16226374696643667,0.02,0.005501852234968185,0.07001316294199365
HH4b,1.0,0.005,0.05,100,0.01,0.0017673865655472645,0.0544875247609346,0.01,0.0017673865655472645,0.0544875247609346,0.06,0.02778574526665662,0.12476968531222507,0.07,0.034318824364064096,0.13749671006529757
HH4b,1.0,0.005,0.1,100,0.01,0.0017673865655472645,0.0544875247609346,0.01,0.0017673865655472645,0.0544875247609346,0.06,0.02778574526665662,0.12476968531222507,0.02,0.005501852234968185,0.07001316294199365
HH4b,1.0,0.005,0.15,100,0.01,0.0017673865655472645,0.0544875247609346,0.01,0.0017673865655472645,0.0544875247609346,0.12,0.06999337365267776,0.19812268002908368,0.04,0.015663050551848016,0.09837217232607373
HH4b,1.0,0.005,0.2,100,0.0,0.0,0.03699480747600191,0.0,0.0,0.03699480747600191,0.08,0.04109296948581091,0.14998266879403072,0.05,0.02154336145631356,0.11175196527208817
HH4b,1.0,0.0075,0.05,100,0.02,0.005501852234968185,0.07001316294199365,0.02,0.005501852234968185,0.07001316294199365,0.18,0.11700131654251038,0.26667536024213084,0.05,0.02154336145631356,0.11175196527208817
HH4b,1.0,0.0075,0.1,100,0.04,0.015663050551848016,0.09837217232607373,0.04,0.015663050551848016,0.09837217232607373,0.22,0.15001174503655804,0.3107053471500031,0.06,0.02778574526665662,0.12476968531222507
HH4b,1.0,0.0075,0.15,100,0.04,0.015663050551848016,0.09837217232607373,0.04,0.015663050551848016,0.09837217232607373,0.23,0.15843154746876406,0.32154564856827694,0.05,0.02154336145631356,0.11175196527208817
HH4b,1.0,0.0075,0.2,100,0.04,0.015663050551848016,0.09837217232607373,0.04,0.015663050551848016,0.09837217232607373,0.25,0.1754509400372426,0.3430464637007583,0.04,0.015663050551848016,0.09837217232607373
HH4b,1.0,0.01,0.05,100,0.53,0.4328868313724773,0.6248934801789626,0.53,0.4328868313724773,0.6248934801789626,0.85,0.7671626666784216,0.906940968088377,0.54,0.44264685393523856,0.6343935614666815
HH4b,1.0,0.01,0.1,100,0.69,0.5937376052204429,0.7722043679386762,0.69,0.5937376052204429,0.7722043679386762,0.86,0.7786263961619276,0.914737342455351,0.72,0.6251178763865427,0.7986044083240164
HH4b,1.0,0.01,0.15,100,0.75,0.6569535362992417,0.8245490599627573,0.75,0.6569535362992417,0.8245490599627573,0.87,0.7901947810519012,0.9224290614158575,0.75,0.6569535362992417,0.8245490599627573
HH4b,1.0,0.01,0.2,100,0.76,0.6676748127670786,0.8330878873454004,0.76,0.6676748127670786,0.8330878873454004,0.88,0.8018773199709163,0.9300066263473222,0.74,0.6462882736813838,0.8159542187301354
HH4b,1.0,0.02,0.05,100,0.98,0.9299868370580063,0.9944981477650318,0.98,0.9299868370580063,0.9944981477650318,0.99,0.9455124752390653,0.9982326134344526,0.98,0.9299868370580063,0.9944981477650318
HH4b,1.0,0.02,0.1,100,0.99,0.9455124752390653,0.9982326134344526,0.99,0.9455124752390653,0.9982326134344526,1.0,0.9630051925239981,0.9999999999999999,0.99,0.9455124752390653,0.9982326134344526
HH4b,1.0,0.02,0.15,100,1.0,0.9630051925239981,0.9999999999999999,1.0,0.9630051925239981,0.9999999999999999,1.0,0.9630051925239981,0.9999999999999999,1.0,0.9630051925239981,0.9999999999999999
HH4b,1.0,0.02,0.2,100,0.99,0.9455124752390653,0.9982326134344526,0.99,0.9455124752390653,0.9982326134344526,1.0,0.9630051925239981,0.9999999999999999,0.99,0.9455124752390653,0.9982326134344526
HH4b,2.0,0.0,0.05,100,0.01,0.0017673865655472645,0.0544875247609346,0.01,0.0017673865655472645,0.0544875247609346,0.03,0.010254338223414816,0.08452078080402699,0.03,0.010254338223414816,0.08452078080402699
HH4b,2.0,0.0,0.1,100,0.0,0.0,0.03699480747600191,0.0,0.0,0.03699480747600191,0.04,0.015663050551848016,0.09837217232607373,0.03,0.010254338223414816,0.08452078080402699
HH4b,2.0,0.0,0.15,100,0.02,0.005501852234968185,0.07001316294199365,0.02,0.005501852234968185,0.07001316294199365,0.07,0.034318824364064096,0.13749671006529757,0.05,0.02154336145631356,0.11175196527208817
HH4b,2.0,0.0,0.2,100,0.0,0.0,0.03699480747600191,0.0,0.0,0.03699480747600191,0.07,0.034318824364064096,0.13749671006529757,0.06,0.02778574526665662,0.12476968531222507
HH4b,2.0,0.005,0.05,100,0.01,0.0017673865655472645,0.0544875247609346,0.01,0.0017673865655472645,0.0544875247609346,0.09,0.04807199516388488,0.16226374696643667,0.06,0.02778574526665662,0.12476968531222507
HH4b,2.0,0.005,0.1,100,0.01,0.0017673865655472645,0.0544875247609346,0.01,0.0017673865655472645,0.0544875247609346,0.06,0.02778574526665662,0.12476968531222507,0.04,0.015663050551848016,0.09837217232607373
HH4b,2.0,0.005,0.15,100,0.02,0.005501852234968185,0.07001316294199365,0.02,0.005501852234968185,0.07001316294199365,0.09,0.04807199516388488,0.16226374696643667,0.04,0.015663050551848016,0.09837217232607373
HH4b,2.0,0.005,0.2,100,0.0,0.0,0.03699480747600191,0.0,0.0,0.03699480747600191,0.12,0.06999337365267776,0.19812268002908368,0.04,0.015663050551848016,0.09837217232607373
HH4b,2.0,0.0075,0.05,100,0.06,0.02778574526665662,0.12476968531222507,0.06,0.02778574526665662,0.12476968531222507,0.26,0.18404578126986462,0.35371172631861636,0.07,0.034318824364064096,0.13749671006529757
HH4b,2.0,0.0075,0.1,100,0.11,0.06254131955225126,0.18631463027903022,0.11,0.06254131955225126,0.18631463027903022,0.35,0.2636410465347802,0.4474573957080203,0.13,0.07757093858414264,0.20980521894809878
HH4b,2.0,0.0075,0.15,100,0.09,0.04807199516388488,0.16226374696643667,0.09,0.04807199516388488,0.16226374696643667,0.36,0.2727107459049014,0.45764780018837914,0.11,0.06254131955225126,0.18631463027903022
HH4b,2.0,0.0075,0.2,100,0.14,0.08526265754464905,0.22137360383807236,0.14,0.08526265754464905,0.22137360383807236,0.39,0.300167219319702,0.48797163832501844,0.14,0.08526265754464905,0.22137360383807236
HH4b,2.0,0.01,0.05,100,0.7,0.6041496156718804,0.7810524613377188,0.7,0.6041496156718804,0.7810524613377188,0.94,0.8752303146877748,0.9722142547333433,0.67,0.5730516033971139,0.7543701620610456
HH4b,2.0,0.01,0.1,100,0.91,0.8377362530335634,0.9519280048361151,0.91,0.8377362530335634,0.9519280048361151,0.96,0.9016278276739262,0.984336949448152,0.92,0.8500173312059693,0.9589070305141891
HH4b,2.0,0.01,0.15,100,0.89,0.8136853697209698,0.9374586804477487,0.89,0.8136853697209698,0.9374586804477487,0.97,0.915479219195973,0.9897456617765851,0.88,0.8018773199709163,0.9300066263473222
HH4b,2.0,0.01,0.2,100,0.9,0.8256326956323347,0.9447714583868639,0.9,0.8256326956323347,0.9447714583868639,0.96,0.9016278276739262,0.984336949448152,0.9,0.8256326956323347,0.9447714583868639
HH4b,2.0,0.02,0.05,100,0.99,0.9455124752390653,0.9982326134344526,0.99,0.9455124752390653,0.9982326134344526,1.0,0.9630051925239981,0.9999999999999999,0.99,0.9455124752390653,0.9982326134344526
HH4b,2.0,0.02,0.1,100,0.99,0.9455124752390653,0.9982326134344526,0.99,0.9455124752390653,0.9982326134344526,1.0,0.9630051925239981,0.9999999999999999,0.99,0.9455124752390653,0.9982326134344526
HH4b,2.0,0.02,0.15,100,1.0,0.9630051925239981,0.9999999999999999,1.0,0.9630051925239981,0.9999999999999999,1.0,0.9630051925239981,0.9999999999999999,1.0,0.9630051925239981,0.9999999999999999
HH4b,2.0,0.02,0.2,100,1.0,0.9630051925239981,0.9999999999999999,1.0,0.9630051925239981,0.9999999999999999,1.0,0.9630051925239981,0.9999999999999999,1.0,0.9630051925239981,0.9999999999999999
HH4b,3.0,0.0,0.05,100,0.0,0.0,0.03699480747600191,0.0,0.0,0.03699480747600191,0.04,0.015663050551848016,0.09837217232607373,0.03,0.010254338223414816,0.08452078080402699
HH4b,3.0,0.0,0.1,100,0.0,0.0,0.03699480747600191,0.0,0.0,0.03699480747600191,0.05,0.02154336145631356,0.11175196527208817,0.03,0.010254338223414816,0.08452078080402699
HH4b,3.0,0.0,0.15,100,0.0,0.0,0.03699480747600191,0.0,0.0,0.03699480747600191,0.07,0.034318824364064096,0.13749671006529757,0.03,0.010254338223414816,0.08452078080402699
HH4b,3.0,0.0,0.2,100,0.01,0.0017673865655472645,0.0544875247609346,0.01,0.0017673865655472645,0.0544875247609346,0.14,0.08526265754464905,0.22137360383807236,0.07,0.034318824364064096,0.13749671006529757
HH4b,3.0,0.005,0.05,100,0.0,0.0,0.03699480747600191,0.0,0.0,0.03699480747600191,0.01,0.0017673865655472645,0.0544875247609346,0.04,0.015663050551848016,0.09837217232607373
HH4b,3.0,0.005,0.1,100,0.02,0.005501852234968185,0.07001316294199365,0.02,0.005501852234968185,0.07001316294199365,0.04,0.015663050551848016,0.09837217232607373,0.06,0.02778574526665662,0.12476968531222507
HH4b,3.0,0.005,0.15,100,0.0,0.0,0.03699480747600191,0.0,0.0,0.03699480747600191,0.08,0.04109296948581091,0.14998266879403072,0.06,0.02778574526665662,0.12476968531222507
HH4b,3.0,0.005,0.2,100,0.0,0.0,0.03699480747600191,0.0,0.0,0.03699480747600191,0.05,0.02154336145631356,0.11175196527208817,0.04,0.015663050551848016,0.09837217232607373
HH4b,3.0,0.0075,0.05,100,0.12,0.06999337365267776,0.19812268002908368,0.12,0.06999337365267776,0.19812268002908368,0.45,0.3561437510640346,0.5475557296835656,0.11,0.06254131955225126,0.18631463027903022
HH4b,3.0,0.0075,0.1,100,0.15,0.09305903191162297,0.23283733332157835,0.15,0.09305903191162297,0.23283733332157835,0.34,0.25461379497543,0.43722454341689065,0.17,0.10893476059773155,0.25548181233642975
HH4b,3.0,0.0075,0.15,100,0.16,0.10095202349473717,0.24420444558894414,0.16,0.10095202349473717,0.24420444558894414,0.39,0.300167219319702,0.48797163832501844,0.2,0.1333659225590988,0.28883096192650237
HH4b,3.0,0.0075,0.2,100,0.15,0.09305903191162297,0.23283733332157835,0.15,0.09305903191162297,0.23283733332157835,0.38,0.2909744920013438,0.47790426179289663,0.21,0.14165549531645788,0.2998014930196232
HH4b,3.0,0.01,0.05,100,0.82,0.7333246397578691,0.8829986834574896,0.82,0.7333246397578691,0.8829986834574896,0.99,0.9455124752390653,0.9982326134344526,0.79,0.7001985069803768,0.8583445046835422
HH4b,3.0,0.01,0.1,100,0.96,0.9016278276739262,0.984336949448152,0.96,0.9016278276739262,0.984336949448152,1.0,0.9630051925239981,0.9999999999999999,0.96,0.9016278276739262,0.984336949448152
HH4b,3.0,0.01,0.15,100,0.98,0.9299868370580063,0.9944981477650318,0.98,0.9299868370580063,0.9944981477650318,1.0,0.9630051925239981,0.9999999999999999,0.98,0.9299868370580063,0.9944981477650318
HH4b,3.0,0.01,0.2,100,0.97,0.915479219195973,0.9897456617765851,0.97,0.915479219195973,0.9897456617765851,1.0,0.9630051925239981,0.9999999999999999,0.97,0.915479219195973,0.9897456617765851
HH4b,3.0,0.02,0.05,100,1.0,0.9630051925239981,0.9999999999999999,1.0,0.9630051925239981,0.9999999999999999,1.0,0.9630051925239981,0.9999999999999999,1.0,0.9630051925239981,0.9999999999999999
HH4b,3.0,0.02,0.1,100,1.0,0.9630051925239981,0.9999999999999999,1.0,0.9630051925239981,0.9999999999999999,1.0,0.9630051925239981,0.9999999999999999,1.0,0.9630051925239981,0.9999999999999999
HH4b,3.0,0.02,0.15,100,1.0,0.9630051925239981,0.9999999999999999,1.0,0.9630051925239981,0.9999999999999999,1.0,0.9630051925239981,0.9999999999999999,1.0,0.9630051925239981,0.9999999999999999
HH4b,3.0,0.02,0.2,100,1.0,0.9630051925239981,0.9999999999999999,1.0,0.9630051925239981,0.9999999999999999,1.0,0.9630051925239981,0.9999999999999999,1.0,0.9630051925239981,0.9999999999999999
HH4b_400,2.0,0.005,0.05,100,0.03,0.010254338223414816,0.08452078080402699,0.03,0.010254338223414816,0.08452078080402699,0.09,0.04807199516388488,0.16226374696643667,0.03,0.010254338223414816,0.08452078080402699
HH4b_400,2.0,0.005,0.1,100,0.05,0.02154336145631356,0.11175196527208817,0.05,0.02154336145631356,0.11175196527208817,0.09,0.04807199516388488,0.16226374696643667,0.06,0.02778574526665662,0.12476968531222507
HH4b_400,2.0,0.005,0.15,100,0.05,0.02154336145631356,0.11175196527208817,0.05,0.02154336145631356,0.11175196527208817,0.09,0.04807199516388488,0.16226374696643667,0.07,0.034318824364064096,0.13749671006529757
HH4b_400,2.0,0.005,0.2,100,0.05,0.02154336145631356,0.11175196527208817,0.05,0.02154336145631356,0.11175196527208817,0.12,0.06999337365267776,0.19812268002908368,0.08,0.04109296948581091,0.14998266879403072
HH4b_400,2.0,0.0075,0.05,100,0.71,0.6146092505999207,0.7898529302601586,0.71,0.6146092505999207,0.7898529302601586,0.8,0.7111690380734977,0.8666340774409013,0.73,0.6356769977376873,0.8073053908233518
HH4b_400,2.0,0.0075,0.1,100,0.77,0.6784543514317231,0.841568452531236,0.77,0.6784543514317231,0.841568452531236,0.84,0.7557955544110557,0.8990479765052628,0.77,0.6784543514317231,0.841568452531236
HH4b_400,2.0,0.0075,0.15,100,0.77,0.6784543514317231,0.841568452531236,0.77,0.6784543514317231,0.841568452531236,0.88,0.8018773199709163,0.9300066263473222,0.76,0.6676748127670786,0.8330878873454004
HH4b_400,2.0,0.0075,0.2,100,0.77,0.6784543514317231,0.841568452531236,0.77,0.6784543514317231,0.841568452531236,0.86,0.7786263961619276,0.914737342455351,0.78,0.6892946528499969,0.849988254963442
HH4b_400,2.0,0.01,0.05,100,0.99,0.9455124752390653,0.9982326134344526,0.99,0.9455124752390653,0.9982326134344526,0.99,0.9455124752390653,0.9982326134344526,0.99,0.9455124752390653,0.9982326134344526
HH4b_400,2.0,0.01,0.1,100,1.0,0.9630051925239981,0.9999999999999999,1.0,0.9630051925239981,0.9999999999999999,1.0,0.9630051925239981,0.9999999999999999,1.0,0.9630051925239981,0.9999999999999999
HH4b_400,2.0,0.01,0.15,100,1.0,0.9630051925239981,0.9999999999999999,1.0,0.9630051925239981,0.9999999999999999,1.0,0.9630051925239981,0.9999999999999999,1.0,0.9630051925239981,0.9999999999999999
HH4b_400,2.0,0.01,0.2,100,1.0,0.9630051925239981,0.9999999999999999,1.0,0.9630051925239981,0.9999999999999999,1.0,0.9630051925239981,0.9999999999999999,1.0,0.9630051925239981,0.9999999999999999
HH4b_400,2.0,0.02,0.05,100,1.0,0.9630051925239981,0.9999999999999999,1.0,0.9630051925239981,0.9999999999999999,1.0,0.9630051925239981,0.9999999999999999,1.0,0.9630051925239981,0.9999999999999999
HH4b_400,2.0,0.02,0.1,100,1.0,0.9630051925239981,0.9999999999999999,1.0,0.9630051925239981,0.9999999999999999,1.0,0.9630051925239981,0.9999999999999999,1.0,0.9630051925239981,0.9999999999999999
HH4b_400,2.0,0.02,0.15,100,1.0,0.9630051925239981,0.9999999999999999,1.0,0.9630051925239981,0.9999999999999999,1.0,0.9630051925239981,0.9999999999999999,1.0,0.9630051925239981,0.9999999999999999
HH4b_400,2.0,0.02,0.2,100,1.0,0.9630051925239981,0.9999999999999999,1.0,0.9630051925239981,0.9999999999999999,1.0,0.9630051925239981,0.9999999999999999,1.0,0.9630051925239981,0.9999999999999999
ZH4b,2.0,0.005,0.05,100,0.0,0.0,0.03699480747600191,0.0,0.0,0.03699480747600191,0.02,0.005501852234968185,0.07001316294199365,0.01,0.0017673865655472645,0.0544875247609346
ZH4b,2.0,0.005,0.1,100,0.0,0.0,0.03699480747600191,0.0,0.0,0.03699480747600191,0.06,0.02778574526665662,0.12476968531222507,0.01,0.0017673865655472645,0.0544875247609346
ZH4b,2.0,0.005,0.15,100,0.01,0.0017673865655472645,0.0544875247609346,0.01,0.0017673865655472645,0.0544875247609346,0.02,0.005501852234968185,0.07001316294199365,0.04,0.015663050551848016,0.09837217232607373
ZH4b,2.0,0.005,0.2,100,0.01,0.0017673865655472645,0.0544875247609346,0.01,0.0017673865655472645,0.0544875247609346,0.03,0.010254338223414816,0.08452078080402699,0.04,0.015663050551848016,0.09837217232607373
ZH4b,2.0,0.0075,0.05,100,0.0,0.0,0.03699480747600191,0.0,0.0,0.03699480747600191,0.03,0.010254338223414816,0.08452078080402699,0.0,0.0,0.03699480747600191
ZH4b,2.0,0.0075,0.1,100,0.0,0.0,0.03699480747600191,0.0,0.0,0.03699480747600191,0.04,0.015663050551848016,0.09837217232607373,0.01,0.0017673865655472645,0.0544875247609346
ZH4b,2.0,0.0075,0.15,100,0.0,0.0,0.03699480747600191,0.0,0.0,0.03699480747600191,0.06,0.02778574526665662,0.12476968531222507,0.03,0.010254338223414816,0.08452078080402699
ZH4b,2.0,0.0075,0.2,100,0.0,0.0,0.03699480747600191,0.0,0.0,0.03699480747600191,0.08,0.04109296948581091,0.14998266879403072,0.04,0.015663050551848016,0.09837217232607373
ZH4b,2.0,0.01,0.05,100,0.01,0.0017673865655472645,0.0544875247609346,0.01,0.0017673865655472645,0.0544875247609346,0.07,0.034318824364064096,0.13749671006529757,0.02,0.005501852234968185,0.07001316294199365
ZH4b,2.0,0.01,0.1,100,0.0,0.0,0.03699480747600191,0.0,0.0,0.03699480747600191,0.05,0.02154336145631356,0.11175196527208817,0.03,0.010254338223414816,0.08452078080402699
ZH4b,2.0,0.01,0.15,100,0.01,0.0017673865655472645,0.0544875247609346,0.01,0.0017673865655472645,0.0544875247609346,0.06,0.02778574526665662,0.12476968531222507,0.01,0.0017673865655472645,0.0544875247609346
ZH4b,2.0,0.01,0.2,100,0.0,0.0,0.03699480747600191,0.0,0.0,0.03699480747600191,0.08,0.04109296948581091,0.14998266879403072,0.02,0.005501852234968185,0.07001316294199365
ZH4b,2.0,0.02,0.05,100,0.03,0.010254338223414816,0.08452078080402699,0.03,0.010254338223414816,0.08452078080402699,0.25,0.1754509400372426,0.3430464637007583,0.03,0.010254338223414816,0.08452078080402699
ZH4b,2.0,0.02,0.1,100,0.09,0.04807199516388488,0.16226374696643667,0.09,0.04807199516388488,0.16226374696643667,0.34,0.25461379497543,0.43722454341689065,0.08,0.04109296948581091,0.14998266879403072
ZH4b,2.0,0.02,0.15,100,0.12,0.06999337365267776,0.19812268002908368,0.12,0.06999337365267776,0.19812268002908368,0.37,0.28182212569509163,0.46779652424866885,0.12,0.06999337365267776,0.19812268002908368
ZH4b,2.0,0.02,0.2,100,0.12,0.06999337365267776,0.19812268002908368,0.12,0.06999337365267776,0.19812268002908368,0.46,0.36560643853331865,0.5573531460647615,0.14,0.08526265754464905,0.22137360383807236
ZH4b,2.0,0.03,0.05,100,0.87,0.7901947810519012,0.9224290614158575,0.87,0.7901947810519012,0.9224290614158575,0.99,0.9455124752390653,0.9982326134344526,0.88,0.8018773199709163,0.9300066263473222
ZH4b,2.0,0.03,0.1,100,0.98,0.9299868370580063,0.9944981477650318,0.98,0.9299868370580063,0.9944981477650318,0.99,0.9455124752390653,0.9982326134344526,0.98,0.9299868370580063,0.9944981477650318
ZH4b,2.0,0.03,0.15,100,1.0,0.9630051925239981,0.9999999999999999,1.0,0.9630051925239981,0.9999999999999999,1.0,0.9630051925239981,0.9999999999999999,1.0,0.9630051925239981,0.9999999999999999
ZH4b,2.0,0.03,0.2,100,1.0,0.9630051925239981,0.9999999999999999,1.0,0.9630051925239981,0.9999999999999999,1.0,0.9630051925239981,0.9999999999999999,1.0,0.9630051925239981,0.9999999999999999
ZH4b,2.0,0.05,0.05,100,1.0,0.9630051925239981,0.9999999999999999,1.0,0.9630051925239981,0.9999999999999999,1.0,0.9630051925239981,0.9999999999999999,1.0,0.9630051925239981,0.9999999999999999
ZH4b,2.0,0.05,0.1,100,1.0,0.9630051925239981,0.9999999999999999,1.0,0.9630051925239981,0.9999999999999999,1.0,0.9630051925239981,0.9999999999999999,1.0,0.9630051925239981,0.9999999999999999
ZH4b,2.0,0.05,0.15,100,1.0,0.9630051925239981,0.9999999999999999,1.0,0.9630051925239981,0.9999999999999999,1.0,0.9630051925239981,0.9999999999999999,1.0,0.9630051925239981,0.9999999999999999
ZH4b,2.0,0.05,0.2,100,1.0,0.9630051925239981,0.9999999999999999,1.0,0.9630051925239981,0.9999999999999999,1.0,0.9630051925239981,0.9999999999999999,1.0,0.9630051925239981,0.9999999999999999
